"age","apples"
1.99098470567522,3
1.73435752001804,1
1.44601433389178,0
1.3935609155144,1
2.07904922751966,9
2.14617742271894,3
1.76732357306616,3
1.43648264039786,0
0.887562292765466,0
0.939324348919854,1
0.664037487953548,0
1.73445896489192,8
1.91609495323881,7
1.64651080255611,6
0,0
1.42594462440769,3
1.03503063236268,2
1.72710717578406,0
0.696946379664316,0
0.494264335625166,0
2.06998831698331,9
1.65785147591092,4
2.02134305000017,18
1.39350875168705,0
1.69855019082096,3
